{"version":52,"hash":{"type":"Buffer","data":"t4SMSCa3uNnXVjHxPt+jthpyeDbJV0mf4fNobjglNTW9yoDGqrqPb0YwvvcVFbFGqeQoj8QKDRQWOBsYTeC+6bsenmXcXz0RlXGTB3jxEJo9C2fZhH7CzWsoqmxtwfnWywe//wOpaZqlxEF0Uju5OfuVsQgV1MOOaO/3B7e8iNM="},"indexValueMap":{"DfCez2KmDEoF4Ly4X08gM5JYo43vl5uova5kCDgrZB0=":{"valueMac":{"type":"Buffer","data":"ydksbq1926bKjXXySKQa3Ll4DAPL9Nq7VBXHwEvw3vg="}},"GbCU27apMkEDrTX54JfU+z1o3eXyH+qEOjFtaJvPOiY=":{"valueMac":{"type":"Buffer","data":"YljdeMxK3IpOgYYltmirdkr/vZdSSIcU4RNSCaeuIcg="}},"GufhxepGqpCAwQDfg1IVHJ94NRMothbp8CWkCyoO2cE=":{"valueMac":{"type":"Buffer","data":"OZXlNV1BD6IfZGwkyZfcIbhCfidgM4DXI3DyI9Qqe10="}},"G4aWp7xZmKmz86zWZK84wX94YhLNDTN65ojwE/fWM04=":{"valueMac":{"type":"Buffer","data":"zFxxCSddjo7tOKjNseb/6zdwTgA/R7vc1pI+QWe4sws="}},"VwLJ7egOJ37wH2rXjUUfQn7WE/8PtBYjLWeHvyi9WPE=":{"valueMac":{"type":"Buffer","data":"ZtfaexD7lLgz2lWRFRfW9HePsMny7NTL6mVMiXMOmWk="}},"bvB78xCrLEhmb/eml95CeNQop7ey5bqQ1NTBQPhLNVk=":{"valueMac":{"type":"Buffer","data":"r+T5CaBgoZRbO/AWkAOwfh0rzbGzyU+D8o5ogkSNgnw="}},"e33lsGAB0G7bbGI3bD/dTlxUi/aCI9xY9Z8kPpFDWkQ=":{"valueMac":{"type":"Buffer","data":"UKXwB9S9W1YDj56u3NGk7UpyqgItcz/fjzFWkLjlREE="}},"f73d39a3ayiZ9qPVDqxhjMg8ty9b46lV/BADaIdGg/8=":{"valueMac":{"type":"Buffer","data":"RpRBWa3VLzKR7H/gqrdN0x+mEM7tevhsWNEGnqxVvcw="}},"0ebDBYO5oCw4rRDqQFDR+Oc/bYSlqhxdAFsOi/78rEg=":{"valueMac":{"type":"Buffer","data":"BIx0lAMh9sMKlwnrO0C87xIYdSLTD7CZFjSGxlpmfJo="}},"1/W6i3r1O2/BNc7qxMgtaAvDNICdounL46yQkRBKsic=":{"valueMac":{"type":"Buffer","data":"tcZG8y5lvDv/JYzhPRZZzgLsKg03q7yt+NNorKJ/5Rw="}},"5n7DoErUae9Z3yLkouwCDp7TCvtOXGv+ea6i4Rn2HgY=":{"valueMac":{"type":"Buffer","data":"w4o2guxoaxFviT+YQO87sVWWc1JVHB5Ztd30ZSpRhRU="}},"1NHt9Yb9ehOLtDJHjL6jlXySNRDfXKDek+qh2PA5D9Y=":{"valueMac":{"type":"Buffer","data":"DvS8/L10jzrcSZZLrNXd2ZLF68IqXfYGR8Lj+goCp9w="}},"BqgOXvsYD4/mRbFUA0XHxa+jmU5d7uBQ6gc/Tmd163Q=":{"valueMac":{"type":"Buffer","data":"G+v2qp8S85s+Pv+v3u10W/S1LLwcyApvqi0Zhqdt9p8="}},"Ki1fFAXEag8PWx7L79f1CgDHLiD0XArtHmDm9Ezr4kQ=":{"valueMac":{"type":"Buffer","data":"7rZv7YZtWyVcKO2k8oHz/D+18GJ6mNd4j2FG35/hmkU="}},"bebzYwPiJaCt0sJjxJc6JicOngt3VFWWHKv4K5f2FqU=":{"valueMac":{"type":"Buffer","data":"XcPSiQ67c6npYxGc60m3m5z4ypT6t4I8KRhGjjTJou4="}},"JRcJHUzeh0lfmdcVmtgRQD2EIsg8rbXhGBeHkNDsl0Q=":{"valueMac":{"type":"Buffer","data":"Ik+wVcb54iQepUVOMVw4XEbBqIFBN7RxWinI2l4Rtj0="}},"Dr/iZPmbJodcVKfwSMdDPaagg7RGXK+Tc+pDro49/bw=":{"valueMac":{"type":"Buffer","data":"GVtJ6PYW88fMpK5k2VJWoCKsKeaqTQb1RMB12IhU3hw="}},"HQeFdAPGp/RzJ4lehfzMeMj9gombP6c3wqkiLP70p4Y=":{"valueMac":{"type":"Buffer","data":"v/FLXzZmA0owIG+ZuiiXoINrZMnPGZENzRQNAc92oWg="}},"XNxtSQ4kWD3bZXAvG8bPvaT105CsY5ijdWELNofa2cQ=":{"valueMac":{"type":"Buffer","data":"dWRT5WjBiEYwCLZmk74RrgAkiHpKlx48pMxZerDLJoc="}},"mN56H0khta0hwiZ5xWzZDcb6OxO0f9kNmo7Vi8QNOeM=":{"valueMac":{"type":"Buffer","data":"QH6yVW5wYo+aGtBFHPenS9vft26qKpYFJQVrOqMecD0="}},"5UfPC9ObVxIv1bVSUjmw1OaymzmHjGXO3l+SRZ6fHcY=":{"valueMac":{"type":"Buffer","data":"K8ZPTrRpdU6kdyFG7aPKq38mIuuPgA4NdppRURvvrds="}},"Bikb3FunQaTwmJK7rENB9VrLb/KgCpRHgvWFDuCygyk=":{"valueMac":{"type":"Buffer","data":"viGZRV7WfHzzBX21+mzo/cXCECmVDwsDLWnsuODZDTg="}},"6e90aatRKjQV5dV9kNirEdBX5dA7N0He3xwGeEFZAac=":{"valueMac":{"type":"Buffer","data":"M0rAB6EMmYxN1WU7rmXSDuAS2hVnkt3Wz8cQANw6atg="}},"SgkmUQuKVGXsMubVwfv9YIi8wAMMGzNzqiYWXUM9TOI=":{"valueMac":{"type":"Buffer","data":"oGZmGewE8FSPQclApST+0Le8UEz6U5heBugIfJR1JUw="}}}}