{"noiseKey":{"private":{"type":"Buffer","data":"OAx+UQ3gZ7B9Kdg+QgVs2YbKl84x3hNlaD3roinpw2I="},"public":{"type":"Buffer","data":"puWDGK4Ji1ABFe+PDb/lm5jseifFr7Cfk4H2Af6r5HY="}},"signedIdentityKey":{"private":{"type":"Buffer","data":"mLDP5+gbTBAEbXtCYkN2GACGVNzEcKUmRnVJ7SMnsXs="},"public":{"type":"Buffer","data":"HYMC4XjqztH/useBLkKFKCIuBdJkF5l1HII9hVm+Wg8="}},"signedPreKey":{"keyPair":{"private":{"type":"Buffer","data":"IPQjMsaA5E2/DTpQNS0ZwUA+qDGl+P9LT68ZfRzZpkU="},"public":{"type":"Buffer","data":"CFqMbBbpmz8MGkz+ABIwvYONGJt8oJC0jktwVyGrdUA="}},"signature":{"type":"Buffer","data":"jNUoq5pCiyNBadKwP5cUHOPCXNpnPKX5JjJSEcKVQP9bKigplksQLG/XGMlq8Kiv2b4vsBlzOFJtuxaOTR/ODQ=="},"keyId":1},"registrationId":217,"advSecretKey":"AfTDiTZhzibky30Wia3kXaAqyEEQ8Ls/WbojHidq/LA=","processedHistoryMessages":[{"key":{"remoteJid":"6285719845437@s.whatsapp.net","fromMe":true,"id":"3335B3B20587D90C6BAF1202AF3E8FD8"},"messageTimestamp":1683462272},{"key":{"remoteJid":"6285719845437@s.whatsapp.net","fromMe":true,"id":"50BB122ACB4CC4F7A242D6B54B2EDC6E"},"messageTimestamp":1683462312},{"key":{"remoteJid":"6285719845437@s.whatsapp.net","fromMe":true,"id":"F0AD6EFDD1EDF98E56DA4E287EBCFD26"},"messageTimestamp":1683462340},{"key":{"remoteJid":"6285719845437@s.whatsapp.net","fromMe":true,"id":"8CB3ADBFC1714C25986F06E246FE8046"},"messageTimestamp":1683462355},{"key":{"remoteJid":"6285719845437@s.whatsapp.net","fromMe":true,"id":"D2D03E078F7A5BCE043EF966BD6096D7"},"messageTimestamp":1683462385},{"key":{"remoteJid":"6285719845437@s.whatsapp.net","fromMe":true,"id":"D8E530D576EE5AC8DC5F39AE65DB3D51"},"messageTimestamp":1683462423},{"key":{"remoteJid":"6285719845437@s.whatsapp.net","fromMe":true,"id":"F7F573DFCC6C77753F8754042BBFF11A"},"messageTimestamp":1683462434}],"nextPreKeyId":538,"firstUnuploadedPreKeyId":538,"accountSyncCounter":1,"accountSettings":{"unarchiveChats":false},"account":{"details":"CLD/4KMFEPew3qIGGAE=","accountSignatureKey":"YFbJSmsaWa24991uX9WsUkkbXulpzb0mHdXXdAnCTgY=","accountSignature":"DmxAYLMljrZriYH+fx4d7cTwMwe0q2zRLEB6f181PcL0TXMPqfELjphOLcJvplh+fwv9nDzsbV6Nrnrf3E9CCw==","deviceSignature":"AmHuBu27cjyIfDflRhNDzaVbSYk/ezbyIismF0W2qnTXwUpjOyHQM8IVA3jjkmckmgq1eFLpfRhho3G2tYwuAg=="},"me":{"id":"6285719845437:15@s.whatsapp.net","name":"Ataa Store"},"signalIdentities":[{"identifier":{"name":"6285719845437:15@s.whatsapp.net","deviceId":0},"identifierKey":{"type":"Buffer","data":"BWBWyUprGlmtuPfdbl/VrFJJG17pac29Jh3V13QJwk4G"}}],"platform":"smba","lastAccountSyncTimestamp":1683462265,"myAppStateKeyId":"AAAAAMVW"}